{"item2":123.79472639028993,"item1":84.8288929426604,"item3":217.90332840252908}